"Samples","Number.of.outlier","Outlier.genes"
"TCGA.18.3406.01A.01R.1031.01",44,"IL4R, RNASE6, CD69, IGSF6, ADAMDEC1, NCF2, EGR2, LAMP3, CCR7, SLC12A8, IGHD, MS4A6A, MANEA, STXBP6, NOD2, SPAG4, IGHM, FOSB, IL1A, CD38, ADRB2, TNFAIP6, BCL2A1, CCL18, FCGR2B, MAGEA11, C1orf54, NPL, CHI3L1, CLIC2, APOBEC3G, CXCL13, CXCL9, SAMSN1, S100A12, TREM1, CXCL10, DSC1, AIM2, RGS1, CCL20, MMP12, HLA-DQA1, IGKC"
"TCGA.18.3407.01A.01R.1031.01",23,"IL4R, S100A12, CLEC7A, FCGR2B, CCL22, CXCL13, C1orf54, TREM1, IFI44L, SLC12A8, IGHD, HLA-DQA1, NPL, TNFAIP6, TRIB2, RGS1, LAMP3, CPA3, CCL18, CHI3L1, CCL20, MMP12, IGKC"
"TCGA.18.3408.01A.01R.1031.01",56,"CD1A, CD1C, RPL10L, IL7R, EPN2, APOL6, P2RY14, ACP5, CCND2, TRAF4, GNLY, CD1E, TREM1, TNFAIP6, UGT1A8, PIK3IP1, C1orf54, SCN9A, C3AR1, EGR2, HOXA1, MANEA, IGSF6, NCF2, HHEX, CXCL13, C11orf80, HPSE, HCK, ADAMDEC1, TLR2, SAMSN1, RNASE6, SLC12A8, CXorf57, FCER1A, CD1B, APOBEC3G, GZMA, CHI3L1, TRIB2, CXCL10, STXBP6, FCGR2B, GPC4, RGS1, MS4A6A, CXCL9, CHST7, NPL, LAMP3, HLA-DQA1, CPA3, CCL18, IGKC, MMP12"
"TCGA.18.3409.01A.01R.1031.01",45,"CD38, DPP4, RNASE6, CD40, BCL2A1, IGSF6, CCL19, HRH1, CD1C, FZD2, SLC12A8, CD1E, APOBEC3G, CCR7, COL8A2, EBI3, C3AR1, NPL, GSTT1, DACH1, NCF2, CD1A, BACH2, GPC4, CCND2, TRIB2, TREM1, CD1B, BCL11B, CPA3, MS4A6A, CXCL10, TNFAIP6, C1orf54, IGKC, MARCO, CREB5, FCGR2B, CHI3L1, DSC1, ADAMTS3, CXCL9, HLA-DQA1, CCL18, MMP12"
"TCGA.18.3410.01A.01R.1031.01",55,"COL8A2, HLA-DQA1, IFI44L, CYP27A1, BMP2K, CD2, PLA2G7, CXCL5, EAF2, SIGLEC1, NCF2, MAGEA11, EMR1, SLAMF1, RSAD2, CYP27B1, HCK, NPL, SLC2A6, CCL20, RNASE6, CD40, LTB, VNN1, TNFAIP6, GZMK, CD3D, MS4A6A, ADAMDEC1, APOL3, STXBP6, IRF8, CCL4, MSC, CPA3, FCGR2B, CD38, CCL19, TRAF4, CCR7, EBI3, MARCO, RGS1, APOBEC3G, BCL2A1, SPIB, CLIC2, BIRC3, VNN2, CLEC7A, CD70, CXCL13, CXCL10, MMP12, IGKC"
"TCGA.18.3411.01A.01R.1031.01",46,"EPN2, AIF1, PIK3IP1, MANEA, CXorf57, HOXA1, CD1E, PLA2G7, CD1C, TRAF4, EBI3, CCR7, MAGEA11, C3AR1, FCGR2B, CCL19, CHI3L2, GSTT1, SCN9A, CHST7, SLC12A8, APOBEC3G, CD1A, C1orf54, IGSF6, CD1B, HIST1H2AE, RNASE6, STXBP6, KYNU, NPL, ADAMDEC1, TNFAIP6, CXCL13, CHI3L1, CPA3, SAMSN1, MS4A6A, CCL18, TRIB2, CXCL10, HLA-DQA1, RGS1, MMP12, CXCL9, IGKC"
"TCGA.18.3412.01A.01R.1031.01",55,"BRAF, TMEM156, GAL3ST4, LRMP, SEPT8, UGT1A8, MAP4K1, EAF2, PDK1, GPR19, MAGEA11, EPN2, GZMK, APOL6, MARCH3, TLR2, IL4R, RYR1, FCN1, GSTT1, PIK3IP1, CCL19, FCGR2B, RNASE6, BCL2A1, APOBEC3A, NCF2, CHI3L1, CLEC7A, TREM1, CXCL13, SAMSN1, CHST7, CLIC2, TRAF4, HPSE, C1orf54, SLC12A8, TNFAIP6, CCL20, MS4A6A, CXorf57, P2RY2, HOXA1, CCL18, APOBEC3G, CXCL9, CXCL10, NPL, RGS1, CPA3, LAMP3, IGKC, S100A12, MMP12"
"TCGA.18.3414.01A.01R.1031.01",32,"GZMK, FPR1, CCL18, HPSE, HOXA1, CLIC2, GPC4, C1orf54, DUSP2, CCR7, LRMP, PRG2, RNASE6, NPL, TRIB2, MS4A6A, CLEC7A, GSTT1, LAMP3, TNFAIP6, APOBEC3G, RGS1, CHI3L1, CXCL10, CXCL13, VNN1, HIST1H2AE, MMP12, CPA3, IGKC, HIST1H2BG, CCL20"
"TCGA.18.3415.01A.01R.1031.01",39,"IL1A, IGSF6, CLIC2, PDK1, RNASE6, EBI3, CCR7, CCL4, CHI3L1, ADAMDEC1, IL4R, IGHM, TRIB2, KYNU, APOL6, C1orf54, IL7R, CLEC7A, GZMB, SLC12A8, CCL18, CHST7, MAGEA11, TNFAIP6, CPA3, GZMA, MS4A6A, APOBEC3G, HLA-DQA1, BST1, CXCL13, S100A12, CXCL10, RGS1, MMP12, CXCL9, NPL, CCL20, IGKC"
"TCGA.18.3416.01A.01R.1031.01",37,"CCL5, CPA3, PRF1, CD1B, GZMK, CD40, CHI3L1, CD3G, SELL, PLA2G7, APOL6, RNASE6, TNFAIP6, IGHM, CD3D, SAMSN1, CCR7, EBI3, TRIB2, NPL, CXCL13, CCL19, HHEX, MS4A6A, ADAMDEC1, IGSF6, APOBEC3G, CCL18, AIM2, RGS1, GZMA, HLA-DQA1, CXCL9, CXCL10, MMP12, IGKC, CCL20"
"TCGA.18.3419.01A.01R.1031.01",38,"BCL2A1, SEPT8, VNN3, CCR7, APOL6, P2RY2, ADAMDEC1, FFAR2, IGHD, TNIP3, NCF2, CD40, SAMSN1, GZMA, EAF2, NPL, MAGEA11, PLA2G7, RGS1, IGSF6, CHI3L1, CXCL13, KYNU, APOBEC3G, CXCL10, HAL, TRIB2, LAMP3, IGHM, VNN2, QPCT, CXCL9, CCL18, VNN1, MMP12, CCL20, IGKC, S100A12"
"TCGA.18.3421.01A.01R.1031.01",61,"LST1, C3AR1, PRF1, FCGR2B, IL4R, C11orf80, ADRB2, AIF1, SELL, PTPRG, TNIP3, SLC12A8, BCL2A1, APOL6, QPCT, CCL22, NCF2, GZMH, TRIB2, CD2, EBI3, CCL19, ADAMDEC1, TRAF4, IGSF6, CCR7, APOBEC3A, KYNU, PDK1, CCND2, S100A12, GPC4, TNFAIP6, CCL5, IGKC, HCK, TREM1, VNN3, EAF2, SAMSN1, NPL, CXCL13, CLEC7A, STXBP6, VNN2, GZMA, CD3D, C1orf54, GZMB, MS4A6A, APOBEC3G, RGS1, HLA-DQA1, CHI3L1, CPA3, CXCL9, CXCL10, MMP12, LAMP3, CCL18, CCL20"
"TCGA.18.4083.01A.01R.1101.01",26,"SAMSN1, HPSE, SEPT8, APOBEC3G, NCF2, CCL5, CXCL10, SLC12A8, HOXA1, MAGEA11, STXBP6, CXCL13, CHI3L1, PRG2, CHST7, CPA3, RGS1, CCND2, IGHM, MYB, CXCL9, NPL, CCL18, HLA-DQA1, MMP12, IGKC"
"TCGA.18.4086.01A.01R.1101.01",32,"SEPT8, IL4R, TRIB2, TRAF4, GSTT1, AIF1, EBI3, CCR7, NCF2, IL1B, C1orf54, SAMSN1, CHST7, CHI3L1, RNASE6, NPL, TNFAIP6, MS4A6A, CCL20, IGHM, APOBEC3G, CXCL10, CCL19, SLC12A8, LAMP3, CXCL13, CXCL9, CCL18, CPA3, RGS1, MMP12, IGKC"
"TCGA.21.1070.01A.01R.0690.01",58,"IL7R, TLR2, CCR5, SEPT8, QPCT, NPL, ITK, SLC12A8, ADAMDEC1, LRMP, CCL19, HLA-DQA1, SAMSN1, CD38, SELL, DGKA, NCF2, FCGR3B, PRF1, VNN2, RYR1, IL4R, EBI3, PLEKHF1, C1orf54, CD3D, IL1A, CD2, MS4A6A, CPA3, CCR7, IL1B, SLC15A3, RNASE6, CCL5, IL12RB2, GSTT1, CCL20, RSAD2, MMP9, APOBEC3G, CCND2, APOL6, RGS1, GZMA, APOBEC3A, IFI44L, TRIB2, S100A12, CXCL13, CCL18, CXCL11, MMP12, CXCL9, AIM2, CXCL10, IGKC, LAMP3"
"TCGA.21.1071.01A.01R.0690.01",37,"IL7R, NPL, IL1A, EBI3, TNFAIP6, PPFIBP1, C1orf54, SCN9A, NCF2, GSTT1, IL7, CCL22, SEPT8, CHST7, PRG2, CCR7, GPC4, APOBEC3G, TREM1, CCL20, KYNU, HLA-DQA1, CXCL10, FCGR2B, CCL4, CCL18, IGHM, RGS1, HSPA6, IL4R, RYR1, CHI3L1, CXCL9, SLC12A8, LAMP3, MMP12, IGKC"
"TCGA.21.1075.01A.01R.0690.01",39,"CXorf57, SEPT8, PIK3IP1, MANEA, MICAL3, DGKA, TLR2, RGS1, HLA-DOB, BRAF, RPL10L, CYP27A1, CLEC7A, BCL7A, DACH1, HLA-DQA1, APOBEC3G, LAMP3, MAGEA11, KYNU, HOXA1, CCND2, REPS2, CCL18, EGR2, PDK1, IL1B, STXBP6, IL1A, SCN9A, CCL20, CHI3L1, TRIB2, SLC12A8, HCK, IGKC, CHST7, MMP12, NPL"
"TCGA.21.1076.01A.02R.0690.01",58,"CLEC4A, IL1B, LST1, IGHM, SLC12A8, GPR171, HPSE, SELL, QPCT, EGR2, SLC15A3, CCL13, GSTT1, CD4, CD38, CD2, CCL4, CD40, EBI3, LY86, APOL6, BCL2A1, ACP5, APOBEC3G, HLA-DQA1, PPBP, KYNU, SIGLEC1, CCR7, MNDA, NPL, PLA2G7, CPA3, AIM2, SLAMF8, C3AR1, CXCL5, FCGR2B, TREM2, CCL22, C1orf54, RNASE6, CXCL13, APOBEC3A, NCF2, MS4A6A, CXCL10, LAMP3, CXCL9, IFI44L, RSAD2, ADAMDEC1, RGS1, CCL18, MMP12, MMP9, IGKC, CHI3L1"
"TCGA.21.1077.01A.01R.0690.01",38,"APOBEC3A, PLA2G7, MAGEA11, HPSE, RNASE6, APOL6, SEPT8, MARCO, C1orf54, HHEX, APOBEC3G, MS4A6A, REPS2, IGHD, DGKA, FCGR2B, HCK, TNFAIP6, GPC4, SLC12A8, CD38, AIM2, TREM1, NCF2, CXCL13, CPA3, CHI3L1, CCL20, GSTT1, NPL, CHST7, LAMP3, RGS1, IL7R, CCL18, MMP9, IGKC, MMP12"
"TCGA.21.1078.01A.01R.0690.01",30,"REPS2, APOL6, CD40, C1orf54, BCL7A, APOL3, DUSP2, TRPM4, TCF7, PBXIP1, ICA1, MMP12, HNMT, RPL10L, RGS1, VILL, ALOX5, LRMP, PIK3IP1, TRIB2, IGKC, CXorf57, APOBEC3G, DGKA, SEPT8, SPAG4, IL4R, HOXA1, GSTT1, AIM2"
"TCGA.21.1079.01A.01R.0690.01",68,"RNASE6, BCL11B, IGHD, C11orf80, CD38, P2RY2, BCL7A, CPA3, ADRB2, PTPRG, TRIB2, CXCL5, EAF2, PDK1, EMR1, ZNF165, SPAG4, C3AR1, GAL3ST4, DGKA, HLA-DQA1, S100A12, CHST7, CLEC7A, FCGR2B, PIK3IP1, PPFIBP1, HPSE, PLEKHF1, RSAD2, IFI44L, NCF2, TLR2, SEPT8, GPC4, APOL6, CXCL9, CYP27B1, FZD2, WNT5B, LAMP3, APOBEC3G, C1orf54, CXCL13, CDA, HRH1, CXCL10, APOBEC3A, CCND2, IL1B, CCL18, RGS1, HIST1H2AE, GSTT1, AIM2, LTB, HOXA1, CCL20, IL4R, DSC1, PPBP, IL7R, TNFAIP6, IGKC, IL1A, TREM1, MMP9, MMP12"
"TCGA.21.1080.01A.01R.0690.01",37,"CXorf57, CCR7, CD1A, IL4R, CD1B, RPL10L, ADAMDEC1, MAP4K1, NCF2, HIST1H2AE, EAF2, CHI3L1, MS4A6A, HOXA1, CD38, CXCL13, BIRC3, SEPT8, CXCL5, VNN1, IGHM, CLIC2, PLA2G7, SLC12A8, ADRB2, CXCL10, NPL, IGHD, RGS1, CCL20, KYNU, HLA-DQA1, AIM2, CXCL9, CCL18, IGKC, MMP12"
"TCGA.21.1081.01A.01R.0690.01",26,"TREM1, BCL7A, TRIB2, RYR1, ZNF324, DGKA, IL7R, MICAL3, HPSE, NPL, GSTT1, SEPT8, TRPM4, PLEKHF1, TNFAIP6, S100A12, IL4R, IL1A, IL1B, CCL20, MMP12, CCL18, SLC12A8, HOXA1, CHI3L1, IGKC"
"TCGA.21.1082.01A.01R.0690.01",25,"LAMP3, CHST7, C1orf54, IL7R, PLA2G7, SLC12A8, ZNF165, MYB, CCR7, BACH2, MMP12, CXCL10, CHI3L1, MS4A6A, GSTT1, CLEC7A, APOBEC3A, CXCL13, NPL, IGHM, LRMP, RGS1, CCL18, CXCL9, IGKC"
"TCGA.21.1083.01A.01R.0690.01",40,"GNLY, SCN9A, APOL3, CLEC4A, TCF7, HAL, RYR1, MS4A6A, SEPT8, BCL11B, GZMA, CCL20, PDK1, APOL6, ADAMDEC1, EBI3, IFI44L, CHI3L1, NCF2, MAGEA11, CCL19, CCR7, SLC12A8, IGHM, TRIB2, AIM2, CCL18, BIRC3, LAMP3, MYB, CXCL13, KYNU, RGS1, CXCL10, APOBEC3G, CXCL9, HLA-DQA1, LRMP, MMP12, IGKC"
"TCGA.22.0940.01A.01R.0690.01",36,"CD2, AIF1, SLAMF1, IL2RA, RYR1, APOL6, IL7R, CD40, NCF2, HOXA1, CCL5, TRIB2, IL4R, MS4A6A, APOBEC3G, CD3D, HSPA6, CD38, CHI3L1, EBI3, CCR7, CCL19, KYNU, CPA3, RGS1, LAMP3, AIM2, GZMA, CXCL13, HLA-DQA1, IGHD, CCL18, CXCL10, MMP12, CXCL9, IGKC"
"TCGA.22.0944.01A.01R.0690.01",58,"MANEA, IL1RL1, TGM5, DGKA, PLEKHG3, CD1D, BCL7A, HIST1H2AE, NPL, PIK3IP1, C11orf80, RPL10L, C1orf54, PPFIBP1, HLA-DQA1, SEPT8, CXCL13, DPP4, HHEX, TCF7, TRAF4, RGS1, HOXA1, TREM1, SLC12A8, CCL19, RYR1, CD38, GAL3ST4, HCK, IFI44L, IL7R, HPSE, PDK1, CXorf57, GSTT1, RSAD2, TNFAIP6, CCL18, IGHD, NOD2, IL4R, CHI3L1, S100A12, CCND2, CHST7, TRIB2, CPA3, EGR2, DUSP2, APOBEC3A, MMP9, IL1A, MMP12, IL1B, LAMP3, IGKC, CCL20"
"TCGA.22.1000.01A.01R.0690.01",38,"S100A12, NPL, LY86, CD1E, TREM2, CLEC10A, CXCL13, CD2, ACP5, GZMK, CHI3L1, IL4R, SLC12A8, FCGR2B, FCER1A, HLA-DQA1, CCL20, TREM1, C3AR1, RNASE6, C1orf54, CD1B, MMP9, TNFAIP6, APOBEC3G, IL7R, CPA3, NCF2, AIM2, CXCL10, APOBEC3A, MS4A6A, LAMP3, RGS1, CXCL9, CCL18, MMP12, IGKC"
"TCGA.22.1002.01A.01R.0690.01",49,"MMP9, CXCL3, IFI44L, AIM2, PIK3IP1, TRIB2, EBI3, NCF2, CXCL10, SEPT8, FCGR3B, CCR7, SELL, APOL6, IGHD, EGR2, APOL3, FCGR2B, CCL22, MARCO, CLIC2, CHI3L2, CD38, NPL, HOXA1, SLC12A8, C1orf54, C5AR1, CCL20, ADRB2, MS4A6A, TREM1, RNASE6, CCL19, APOBEC3G, IL4R, RGS1, MMP12, GSTT1, TLR2, KYNU, CCL18, CPA3, IL7R, CHI3L1, FOSB, LAMP3, IGKC, CXCL13"
"TCGA.22.1005.01A.01R.0690.01",55,"CD3E, CD40, CLIC2, KYNU, HLA-DOB, CD19, ITK, SAMSN1, PTPRCAP, P2RX5, RNASE6, BANK1, EBI3, CCR7, MS4A6A, TREM1, CD247, MAN1A1, CD38, QPCT, APOL6, CCL4, CDA, IL4R, C1orf54, CD79A, MMP12, NCF2, VPREB3, SLC12A8, FCGR2B, SPAG4, IL7R, APOBEC3G, CD27, CD3D, CXCL10, CCL5, BIRC3, CD2, CHI3L1, AIM2, PPBP, IGHM, TNFRSF17, CCL18, RGS1, CCL20, LAMP3, CCL19, HLA-DQA1, CXCL13, CXCL9, IGHD, IGKC"
"TCGA.22.1011.01A.01R.0690.01",55,"CCL5, CCL4, VNN1, P2RX5, GZMK, FOSB, SAMSN1, CD2, CD3D, C3AR1, STXBP6, TRPM4, HOXA1, ADAM28, GSTT1, NPL, ACP5, MAN1A1, VNN2, IL1A, APOL6, TRIB2, SLC12A8, PRG2, BIRC3, CD38, C1orf54, NCF2, LAMP3, IL4R, RNASE6, APOBEC3G, CD79A, FCGR2B, SPAG4, CLEC7A, HLA-DQA1, CHI3L1, TNFRSF17, IL1B, MMP9, IL7R, CD27, RGS1, IGHM, CXCL9, CXCL10, APOBEC3A, CXCL13, AIM2, IGHD, CCL19, MMP12, CCL20, IGKC"
"TCGA.22.1012.01A.01R.0690.01",43,"BRAF, EGR2, DSC1, DGKA, CCND2, C3AR1, MAP4K1, CD38, LAMP3, CCL19, TRPM4, C1orf54, PDK1, CCR7, TRIB2, APOBEC3G, EBI3, HPSE, TNFAIP6, TREM1, DUSP2, SLC12A8, CXCL10, IL7R, FCGR2B, CPA3, GPC4, NPL, MAGEA11, RGS1, CCL20, CCL18, IL1A, CXCL13, CCL5, CHST7, IL1B, CHI3L1, MYB, S100A12, MMP9, IGKC, MMP12"
"TCGA.22.1016.01A.01R.0690.01",46,"DUSP2, LY86, IGHD, TLR2, SEPT8, FCGR2B, FCGR3B, CCL13, TRIB2, KYNU, SAMSN1, TREM1, CXCL10, PRG2, CHI3L1, SLC15A3, C3AR1, ADAMDEC1, IL7R, CCND2, AQP9, CXCL3, CPA3, CCR7, MNDA, C1orf54, RSAD2, IFI44L, BIRC3, NCF2, RGS1, CCL20, CCL22, PLA2G7, FOSB, NPL, C5AR1, MS4A6A, APOBEC3A, MARCO, MMP12, MMP9, HLA-DQA1, IGKC, LAMP3, CCL18"
"TCGA.22.1017.01A.01R.0690.01",44,"CDA, HOXA1, RYR1, SAMSN1, SEPT8, HRH1, IL7R, GPC4, TRPM4, MARCH3, MARCO, FCGR2B, IL4R, GSTT1, C1orf54, RNASE6, C11orf80, TREM1, NPL, APOBEC3G, TRIB2, CXCL13, CLEC7A, CXCL10, CYP27B1, IGHM, APOL6, MS4A6A, NCF2, CD3D, GZMA, MMP9, CXCL9, CHI3L1, CPA3, HLA-DQA1, CLIC2, DPP4, AIM2, MMP12, LAMP3, CCL18, CCL20, IGKC"
"TCGA.22.4591.01A.01R.1199.01",58,"CYP27A1, MAGEA11, KYNU, APOL6, LEF1, FZD2, SEPT8, PDK1, IL7, C3AR1, TRAF4, ALOX15, TRPM4, HIST1H2BG, NPL, PIK3IP1, IGSF6, CD3D, REPS2, GPC4, CXorf57, MYB, NCF2, MANEA, ADAMDEC1, RGS1, CXCL10, RNASE6, GPR19, GSTT1, CDH12, PTPRG, CHI3L1, VNN2, BRAF, TRIB2, SPAG4, MMP9, HOXA1, SLC12A8, MS4A6A, CCND2, HPSE, CLEC7A, VNN3, CXCL9, UGT1A8, CCL20, APOBEC3G, EAF2, STXBP6, MMP12, CD3G, HLA-DQA1, LAMP3, IGKC, CCL18, HCK"
"TCGA.22.4594.01A.01R.1199.01",24,"SLC12A8, C1orf54, TNFRSF17, ACP5, CCL4, HOXA1, MAN1A1, DPP4, RNASE6, CXCL10, SAMSN1, ADAMDEC1, FCGR2B, MS4A6A, QPCT, CXCL9, IGHD, CD38, TREM1, RGS1, CXCL13, MMP12, IGKC, CCL20"
"TCGA.22.4595.01A.01R.1199.01",30,"C3AR1, FCGR3B, HPSE, CXCL13, SLC12A8, CCR7, EBI3, CLEC7A, MAGEA11, IL4R, CD1A, RYR1, SEPT8, BCL11B, P2RY2, LAMP3, MS4A6A, CD38, CCL19, CD1B, AIM2, FCGR2B, RGS1, ZNF165, CCL18, CXCL9, S100A12, MMP12, HLA-DQA1, IGKC"
"TCGA.22.4596.01A.01R.1199.01",37,"EBI3, CD37, CCL19, CD2, C1orf54, MNDA, CLIC2, SLC15A3, BIRC3, CHI3L2, C3AR1, CCL4, ADAMDEC1, CXCL10, ACP5, CD1B, RNASE6, IGSF6, FCGR2B, SAMSN1, NCF2, CHI3L1, RGS1, IL7R, TREM1, MS4A6A, AIM2, CXCL13, FCER1A, CPA3, CXCL9, LAMP3, MMP12, CCL18, HLA-DQA1, IGKC, CCL20"
"TCGA.22.4604.01A.01R.1199.01",39,"BCL2A1, CD2, SAMSN1, HCK, CD38, TNFAIP6, C3AR1, CHST7, TREM1, ACP5, TRIB2, IGSF6, CCR7, MAGEA11, IL1B, EBI3, HPSE, FCGR2B, CXCL13, APOBEC3G, STXBP6, MYB, CCL20, IGHM, CCND2, NPL, RNASE6, RGS1, MS4A6A, C1orf54, ADAMDEC1, LAMP3, CCL18, CXCL10, MMP9, HLA-DQA1, CXCL9, MMP12, IGKC"
"TCGA.22.4607.01A.01R.1199.01",56,"PDK1, CHST7, BARX2, GPR19, FCGR3B, EBI3, HPSE, KLRF1, CCR7, CCL20, TRAF4, PTPRG, ZNF165, C3AR1, SLC15A3, PLEKHF1, TGM5, HTR2B, CXCL13, HOXA1, IL1B, STXBP6, IL1A, RAB27B, SAMSN1, RNASE6, ST3GAL6, SLC12A8, CXCL5, CD38, LAMP3, IL4R, FCGR2B, NCF2, IGHM, CHI3L1, IFI44L, EAF2, BCL2A1, LRMP, MS4A6A, TRIB2, HIST1H2BG, CXCL10, APOBEC3G, TREM1, TNFAIP6, C1orf54, RGS1, CLEC7A, HIST1H2AE, HLA-DQA1, CPA3, CCL18, MMP12, IGKC"
"TCGA.33.4532.01A.01R.1199.01",37,"WNT5B, REPS2, RPL10L, BRAF, SCN9A, DUSP2, SEPT8, HIST1H2AE, PRG2, HIST1H2BG, TRIB2, BCL11B, TRAF4, RGS1, FZD2, CCL20, EAF2, SPAG4, HCK, HPSE, HOXA1, RYR1, S100A12, CHST7, CPA3, SLC12A8, PDK1, PIK3IP1, CXorf57, CLEC7A, NPL, MAP4K1, IGKC, CHI3L1, LAMP3, CCL18, MMP12"
"TCGA.33.4533.01A.01R.1199.01",37,"REPS2, FZD3, TREM1, HOXA1, C1orf54, BACH2, ACP5, TNFAIP6, SEPT8, CHST7, GSTT1, PTPRG, CD1A, RGS1, WNT5B, HRH1, CDH12, CXorf57, CD70, FCGR2B, DACH1, FCER1A, APOBEC3G, HHEX, COL8A2, STXBP6, CCND2, CXCL13, AIM2, QPCT, IGKC, FZD2, EGR2, LAMP3, GPC4, MMP12, TRIB2"
"TCGA.33.4538.01A.01R.1199.01",46,"C11orf80, GSTT1, EBI3, RNASE6, SEPT8, S100A12, MANEA, CCR7, EPN2, TLR2, BCL7A, IL1A, APOL6, SAMSN1, HOXA1, TRAF4, C1orf54, SLC12A8, APOBEC3A, MAGEA11, PIK3IP1, IL4R, CCL19, MYB, CREB5, AIM2, CCND2, IL1B, BCL11B, CHI3L1, NOD2, HPSE, MMP12, SCN9A, TRIB2, NPL, RGS1, CHST7, CXCL9, CXCL13, CPA3, HLA-DQA1, APOBEC3G, CCL20, LAMP3, IGKC"
"TCGA.33.4547.01A.01R.1199.01",37,"EAF2, GSTT1, IGHD, RNASE6, EGR2, MYB, SAMSN1, TREM1, UGT2B17, PRG2, BCL2A1, SLC12A8, CHST7, MS4A6A, HOXA1, CCND2, NPL, C1orf54, FCGR2B, GPC4, TNFAIP6, CLEC7A, APOBEC3G, RGS1, CXCL13, IL4R, BIRC3, TRIB2, S100A12, CCL5, CHI3L1, CCL18, LAMP3, CPA3, MMP12, CCL20, IGKC"
"TCGA.34.2596.01A.01R.0849.01",26,"EGR2, FZD2, CD38, DACH1, NCF2, GSTT1, CR2, CD37, SELL, NPL, HIST1H2AE, CXorf57, IGHD, GPC4, TRIB2, HCK, CCL18, APOBEC3G, CCL19, SLC12A8, RGS1, CHST7, CXCL13, LAMP3, MMP12, IGKC"
"TCGA.34.2600.01A.01R.0849.01",30,"CD3G, BCL7A, CLIC2, CD69, C11orf80, P2RY2, CCL18, CHI3L1, EGR2, EPN2, BRAF, HLA-DQA1, BARX2, SEPT8, HIST1H2BG, DUSP2, CCND2, PIK3IP1, TRIB2, ZFP36L2, LAMP3, CXCL13, SLC12A8, APOBEC3G, RGS1, NPL, MAGEA11, IGKC, HAL, FOSB"
"TCGA.34.2604.01A.01R.0849.01",33,"MAGEA11, GPC4, RNASE6, ADAMDEC1, KYNU, TRIB2, CD4, SAMSN1, TNFAIP6, CPA3, HPSE, TREM1, CXCL3, SLC15A3, PRG2, HLA-DQA1, FCGR2B, CCR7, NPL, PLA2G7, IL4R, MARCO, RGS1, NCF2, CCL22, FOSB, IGKC, CHI3L1, CCL20, MMP9, MMP12, LAMP3, CCL18"
"TCGA.34.2605.01A.01R.0849.01",40,"RNASE6, CCL20, EBI3, CCR7, IGSF6, IGHD, SLC15A3, MYB, FCGR2B, TREM1, SAMSN1, SLC12A8, TRIB2, HPSE, C1orf54, CHI3L1, APOBEC3G, BST1, ACP5, CXCL13, CHST7, CD38, NPL, CPA3, NCF2, EGR2, MAGEA11, DUSP2, GPC4, CCND2, HSPA6, TNFAIP6, CXCL10, CXCL9, CCL18, LAMP3, RGS1, HLA-DQA1, MMP12, IGKC"
"TCGA.34.2608.01A.02R.0849.01",28,"TRIB2, SLC15A3, CCR7, CHST7, EBI3, GZMK, CPA3, SLC12A8, FCER1A, CHI3L1, PRG2, APOBEC3G, ACP5, CD38, C1orf54, IGHM, RGS1, MS4A6A, CCL20, CXCL13, IGHD, NCF2, TNFAIP6, RNASE6, LAMP3, CCL18, MMP12, IGKC"
"TCGA.34.2609.01A.01R.0849.01",37,"HSPA6, SAMSN1, CCR7, IGSF6, EBI3, FCER1A, SPAG4, PRG2, HOXA1, PDK1, C1orf54, NCF2, ADAMTS3, TRAF4, RNASE6, RGS1, MS4A6A, CLIC2, TRIB2, GPC4, CHI3L1, STXBP6, IL4R, CPA3, NPL, APOBEC3G, TREM1, MAGEA11, CLEC7A, EAF2, CXCL13, CXCL10, CCL20, MMP12, CCL18, IGKC, LAMP3"
"TCGA.37.3783.01A.01R.1199.01",64,"TRAF4, VNN2, IL4R, GNLY, MNDA, EGR2, CCL5, HOXA1, GZMB, EAF2, CD40, HPSE, TREM2, IFI44L, GSTT1, NPL, GZMA, CD2, CD38, DUSP2, CD69, CCL22, TREM1, LST1, PRG2, MAGEA11, APOL6, IGSF6, CCL4, RNASE6, EBI3, CCR7, CCL18, CLEC7A, CCL19, FCGR3B, CLIC2, HLA-DQA1, FOSB, CXCL9, TNFAIP6, ADAMDEC1, SAMSN1, APOBEC3G, IL1B, CD3D, STEAP4, C1orf54, APOBEC3A, LAMP3, MS4A6A, S100A12, CXCL3, VNN1, BCL2A1, CXCL13, AIM2, CCL20, CXCL10, CR2, RGS1, IL1A, IGKC, MMP12"
"TCGA.37.3789.01A.01R.1031.01",82,"CYP27B1, CD37, SLAMF1, IL7R, TREM2, AQP9, AIF1, HIST1H2AE, QPCT, LCK, CLEC4A, MARCH3, PLEKHF1, CD40, LTB, CCND2, DUSP2, PRF1, MAP9, C11orf80, PDK1, HIST1H2BG, HPSE, SLC12A8, CLIC2, ACP5, KYNU, LST1, EAF2, EGR2, SEPT8, S100A12, CDA, IGSF6, GZMA, CCL22, ADRB2, NOD2, CLEC7A, TRIB2, APOBEC3A, CXCL3, P2RY2, MAGEA11, GNLY, FCGR2B, EBI3, C3AR1, C1orf54, CHI3L1, CCR7, IL4R, IGKC, RSAD2, CCL19, CD69, APOL6, TLR2, TNFAIP6, RNASE6, GZMB, CD3D, CD70, BCL2A1, MS4A6A, BIRC3, CCL18, APOBEC3G, SAMSN1, CXCL13, AIM2, RGS1, TREM1, HLA-DQA1, CXCL9, IL1B, CXCL11, LAMP3, IL1A, CCL20, MMP12, CXCL10"
"TCGA.37.3792.01A.01R.1031.01",43,"IGSF6, CXCL3, FPR1, QPCT, APOBEC3G, EBI3, IGKC, SLC15A3, CCL19, HIST1H2AE, MNDA, C1orf54, HPSE, ACP5, CCR7, FCGR2B, SAMSN1, RSAD2, CD69, C3AR1, CXCL13, HSPA6, NCF2, CCL18, BIRC3, TREM1, CCL5, CCL22, CXCL11, RNASE6, CHI3L1, CXCL5, CCL20, ADAMDEC1, IFI44L, IL1A, BCL2A1, MS4A6A, HLA-DQA1, RGS1, CXCL10, MMP9, MMP12"
"TCGA.37.4129.01A.01R.1101.01",38,"MICAL3, ST3GAL6, MANEA, TRAF4, C3AR1, SPAG4, PBXIP1, RGS1, SERGEF, GFI1, REPS2, PTPRG, SEPT8, C1orf54, CCND2, EAF2, RNASE6, SMPD3, CHST7, GSTT1, APOBEC3G, CYP27A1, MAP9, DACH1, CXorf57, FZD3, C11orf80, MSC, PIK3IP1, HLA-DQA1, MS4A6A, CCL4, TRIB2, MARCH3, CA8, SKAP1, ICA1, QPCT"
"TCGA.37.4130.01A.01R.1101.01",35,"SELL, CXCL11, GZMH, RNASE6, KLRB1, CYP27A1, BMP2K, CXCL5, IL2RB, ASGR1, BCL2A1, NCF2, IGHD, CCL18, CD2, CD69, LST1, C1orf54, IGSF6, APOBEC3G, QPCT, CCL5, GZMB, ADAMDEC1, GZMA, SAMSN1, CD3D, HLA-DQA1, CXCL10, RGS1, ASGR2, MMP12, CXCL13, CXCL9, IGKC"
"TCGA.37.4132.01A.01R.1101.01",35,"CD40, AIF1, CD4, MANEA, IGHM, TREM1, IL2RB, CCL5, DACH1, SKAP1, EBI3, PDK1, NCF2, CCR7, TRAF4, FOSB, IGHD, C1orf54, CCL18, CD8B, RNASE6, ADAMDEC1, MS4A6A, SAMSN1, APOBEC3G, FCGR2B, SPAG4, CA8, STXBP6, CXCL13, CXCL10, RGS1, CXCL9, MMP12, IGKC"
"TCGA.37.4133.01A.01R.1101.01",64,"RPL10L, C11orf80, MARCH3, GZMB, IRF8, HPSE, TNFRSF17, PDK1, CLIC2, SCN9A, HIST1H2BG, MANEA, TREM2, TLR2, EGR2, LST1, CD69, REPS2, HOXA1, HIST1H2AE, EBI3, BIRC3, GPC4, PIK3IP1, LY86, CCR7, MNDA, CD2, APOL6, IGHD, GZMA, CCL20, AIF1, C1orf54, CD3D, FCGR2B, NPL, SPAG4, IGSF6, HTR2B, C3AR1, SLC12A8, STXBP6, TRAF4, UGT2B17, CLEC7A, HHEX, ADAMDEC1, GSTT1, RNASE6, KYNU, LAMP3, SAMSN1, APOBEC3G, MS4A6A, EAF2, CCL18, CXCL10, CXCL9, MMP12, CXCL13, HCK, RGS1, IGKC"
"TCGA.37.4135.01A.01R.1101.01",47,"CCDC102B, LY86, GPR19, CD4, IGSF6, SMPDL3B, CYP27A1, APOL6, EAF2, HNMT, RPL10L, SPAG4, CD38, REPS2, IGHD, HSPA6, BIRC3, CXorf57, LST1, TREM1, SAMSN1, MS4A6A, CA8, C1orf54, MANEA, HIST1H2BG, CLEC4A, SLC12A8, DUSP2, ADAMDEC1, HIST1H2AE, PDK1, BCL2A1, TRAF4, CCL18, KYNU, APOBEC3G, FCGR2B, CXCL13, MYB, CXCL9, CHI3L1, HLA-DQA1, RGS1, CXCL10, MMP12, IGKC"
"TCGA.37.4141.01A.02R.1101.01",55,"HOXA1, TRAF4, PPFIBP1, LST1, LEF1, CD2, LY86, IGHD, GPR19, SKAP1, CD8B, CCL20, TCF7, NPL, BIRC3, C3AR1, ICA1, AIF1, PRG2, MAN1A1, DACH1, TNFAIP6, QPCT, EAF2, GZMK, FCGR2B, IGSF6, NCF2, IRF8, RNASE6, CD3D, CCL5, LAMP3, GZMB, SAMSN1, BCL2A1, SPAG4, ADAMDEC1, C1orf54, HIST1H2AE, CXCL13, CCL18, GSTT1, MS4A6A, STXBP6, APOBEC3G, HLA-DQA1, CPA3, PLA2G7, RGS1, CXCL10, CXCL9, CST7, MMP12, IGKC"
"TCGA.43.2576.01A.01R.0849.01",37,"BIRC3, SLAMF8, APOL6, IGSF6, HOXA1, HAL, CD70, AIM2, CYP27A1, CXCL13, GSTT1, CDA, C3AR1, APOBEC3G, C1orf54, PLA2G7, MAP9, RGS1, BCL2A1, MMP9, IGHD, CHI3L1, IL4R, MS4A6A, SLC12A8, NCF2, MMP12, FCGR2B, CXCL9, CCL18, TMEM156, QPCT, CCL20, S100A12, HLA-DQA1, TREM1, IGKC"
"TCGA.43.2578.01A.01R.0849.01",56,"CCR7, TCF7, TLR2, TRAF4, CLIC2, MAP9, TREM1, MAP4K1, PDK1, BRAF, SLAMF8, NPL, EBI3, SLC12A8, WNT5B, PTPRG, APOBEC3G, GPR19, HIST1H2BG, ZNF165, ADAMDEC1, IGSF6, HIST1H2AE, EPN2, TRIB2, MARCO, MYB, PRG2, SAMSN1, GSTT1, FCGR2B, GZMB, DACH1, C3AR1, IL7R, CXCL10, GPC4, CHI3L1, STXBP6, MS4A6A, RGS1, TRAT1, RNASE6, LEF1, CYP27A1, C1orf54, MMP12, IGHM, CXCL13, SPAG4, QPCT, PLA2G7, CXCL9, LAMP3, CCL18, IGKC"
"TCGA.43.2581.01A.01R.0849.01",42,"HAL, TMEM156, CLIC2, HPSE, GSTT1, CXCL13, CD38, SLC15A3, CD40, IGHM, IL7R, PTPRG, MS4A6A, C3AR1, CCR7, PTGER2, EBI3, CXCL10, IL1RL1, TLR2, RNASE6, NCF2, CCL19, ADAMDEC1, CPA3, LAMP3, CXCL5, QPCT, FCGR2B, CR2, DPP4, CCL20, TREM1, SAMSN1, HLA-DQA1, CXCL9, RGS1, IGHD, MMP12, MMP9, IGKC, CYP27B1"
"TCGA.43.3394.01A.01R.1031.01",38,"CLIC2, EAF2, GPC4, TRAF4, STXBP6, FCGR2B, ACP5, PIK3IP1, BRAF, GPR19, NCF2, MS4A6A, CXCL13, NPL, HCK, SPAG4, CLEC7A, EPN2, TNFAIP6, HOXA1, C1orf54, PDK1, CXorf57, TREM1, SLC12A8, MAGEA11, CCND2, CHI3L1, CCL20, APOBEC3G, RGS1, CCL18, HLA-DQA1, CPA3, CHST7, IGKC, LAMP3, MMP12"
"TCGA.43.3920.01A.01R.1031.01",55,"CCR7, CD4, TLR2, CCL5, C3AR1, HOXA1, CCL19, CCND2, AIF1, TRAF4, PTPRG, MANEA, CD69, CHI3L1, WNT5B, PRG2, ZNF222, ADAMDEC1, QPCT, GZMK, IL7R, APOBEC3G, IFI44L, CXCL3, TRIB2, IGSF6, CLEC7A, SPAG4, NCF2, TREM1, SLC12A8, CXCL11, CPA3, GPC4, FCGR2B, S100A12, CD3D, RNASE6, GZMA, MS4A6A, EAF2, BCL2A1, SAMSN1, C1orf54, ADAMTS3, CCL20, RGS1, TNFAIP6, CCL18, CXCL9, HLA-DQA1, CXCL13, CXCL10, IGKC, MMP12"
"TCGA.46.3765.01A.01R.1031.01",37,"CLIC2, RSAD2, SCN9A, PTPRG, ADAMDEC1, EAF2, PRG2, SPAG4, EBI3, TREM1, CCR7, TNFAIP6, TRAF4, HOXA1, IGHM, CHST7, SLC12A8, RNASE6, MS4A6A, C1orf54, CXCL9, SAMSN1, CLEC7A, CCL20, FCGR2B, NPL, RGS1, CHI3L1, APOBEC3G, CCL18, CXCL10, STXBP6, CXCL13, TRIB2, LAMP3, MMP12, IGKC"
"TCGA.46.3766.01A.01R.1031.01",34,"ACP5, TRIB2, CD2, SAMSN1, GPC4, IGSF6, CCL4, CD3D, CCR7, TREM1, EBI3, NCF2, IGHM, CD38, PRG2, TNFAIP6, CHI3L1, GZMK, APOBEC3G, C1orf54, IL7R, CXCL10, RNASE6, MS4A6A, CCL19, FCGR2B, CXCL9, MMP12, LAMP3, HLA-DQA1, CPA3, CCL18, CXCL13, IGKC"
"TCGA.46.3767.01A.01R.1031.01",28,"TREM1, SLC12A8, CD1A, MS4A6A, CD38, HLA-DQA1, GPC4, ACP5, SAMSN1, IGHM, APOBEC3G, CD1B, FCGR2B, IGHD, C1orf54, PRG2, NCF2, CCL4, CCL19, CXCL13, RGS1, LAMP3, TNFAIP6, CCL20, CCL18, CPA3, MMP12, IGKC"
"TCGA.46.3768.01A.01R.1031.01",56,"MS4A6A, MYB, SEPT8, WNT5B, CD37, BCL7A, GPC4, FZD2, MAP9, MAP4K1, C3AR1, CXorf57, TRPM4, IL4R, PRG2, SKAP1, BRAF, MARCO, FCGR2B, KYNU, CCL23, ACP5, CLEC10A, EAF2, HSPA6, DUSP2, CCL13, TRIB2, TRAF4, DACH1, CLEC4A, MANEA, SLC15A3, APOBEC3G, AIF1, TREM1, CYP27A1, CD4, HOXA1, BACH2, RNASE6, NPL, GSTT1, HHEX, RGS1, NCF2, CXCL9, CHST7, SLC12A8, IGKC, MMP9, HLA-DQA1, MMP12, HCK, LAMP3, CCL18"
"TCGA.46.3769.01A.01R.1031.01",34,"SPAG4, CD3D, CD38, SLC15A3, APOL6, EBI3, CYP27A1, IL1A, QPCT, CCR7, CCL20, CCL19, KLRC3, NCF2, C1orf54, FZD2, C3AR1, AIM2, RNASE6, FCGR2B, CXCL13, RGS1, IL2RB, MMP9, APOBEC3G, CXCL9, MS4A6A, CDA, SAMSN1, IGKC, CXCL10, CCL18, HLA-DQA1, SLC12A8"
"TCGA.51.4079.01A.01R.1101.01",36,"HPSE, CLEC7A, HLA-DQA1, CD38, GZMA, PTPRG, TREM1, GPC4, C1orf54, TNFAIP6, EGR2, APOBEC3A, EBI3, CCL22, MS4A6A, APOBEC3G, TRIB2, ADAMDEC1, RNASE6, GSTT1, CXCL13, CCR7, SLC12A8, KYNU, NPL, CHI3L1, S100A12, CXCL10, CPA3, CXCL9, CCL20, RGS1, CCL18, LAMP3, MMP12, IGKC"
"TCGA.51.4080.01A.01R.1101.01",63,"ICA1, CLEC7A, RNASE6, BACH2, KYNU, BFSP1, C3AR1, REPS2, MICAL3, PIK3IP1, BCL7A, HLA-DOB, ZNF165, GAL3ST4, DUSP2, SAMSN1, APOL6, DGKA, C1orf54, TLR2, APOBEC3A, RPL10L, GSTT1, BRAF, FZD2, BCL11B, FES, SKAP1, HOXA1, CXCL13, MANEA, IGKC, HPSE, NCF2, CXCL10, UGT1A8, MS4A6A, CXCL9, MAP9, SEPT8, RSAD2, LRMP, SCN9A, CCND2, HLA-DQA1, AIM2, TRIB2, TRAF4, IFI44L, C11orf80, HCK, LAIR2, CXorf57, SLC12A8, ADAMDEC1, APOBEC3G, RGS1, CHST7, STXBP6, CCL18, LAMP3, NPL, MMP12"
"TCGA.51.4081.01A.01R.1101.01",65,"IL1B, CXorf57, P2RY2, TRPM4, HRH1, SLC2A6, TCF7, EAF2, CXCL9, HHEX, DGKA, QPCT, COL8A2, TLR2, NCF2, BCL7A, TRAF4, GAL3ST4, CREB5, HAL, CCND2, PTPRG, PPFIBP1, CHI3L1, NOD2, LAMP3, HSPA6, BRAF, EGR2, C11orf80, PIK3IP1, BACH2, SAMSN1, APOBEC3A, BCL11B, EPN2, HCK, SEPT8, HOXA1, GPC4, IL4R, IGKC, MAP9, FZD2, MICAL3, APOBEC3G, CCL20, C1orf54, GSTT1, RGS1, HPSE, CPA3, HLA-DQA1, STXBP6, IL7R, NPL, SCN9A, SLC12A8, CHST7, TRIB2, CCL18, S100A12, TNFAIP6, MMP9, MMP12"
"TCGA.56.1622.01A.01R.0690.01",76,"SERGEF, PLEKHG3, GPR1, ACP5, DEPDC5, TRPM4, GZMA, ZNF324, BRAF, C11orf80, ALOX15, MMP9, IL7R, NCF2, WNT5B, FRK, RPL10L, TCF7, SOCS1, CXCL3, HDC, TRAF4, MICAL3, CCL5, MAP3K13, MANEA, C1orf54, BACH2, HIST1H2AE, BCL7A, HIST1H2BG, RYR1, SEPT8, MAP9, PPFIBP1, DGKA, FZD3, HPSE, REPS2, SLC12A8, NPL, FZD2, PRG2, MYB, PTPRG, IL1B, VNN1, CHST7, TLR2, TRIB2, MARCH3, RSAD2, IL1A, RGS1, CCL4, TNFAIP6, APOBEC3G, APOL6, PIK3IP1, CPA3, APOBEC3A, CXCL13, CXCL10, GSTT1, DUSP2, MMP12, STXBP6, GPC4, FOSB, HCK, EGR2, CCND2, IFI44L, IGKC, CCL20, LAMP3"
"TCGA.60.2695.01A.01R.0849.01",23,"MS4A6A, MMP12, BCL7A, TRAF4, IGHD, HIST1H2AE, HSPA6, DACH1, CXCL13, GPC4, TRIB2, IFI44L, MMP9, HIST1H2BG, APOBEC3G, CXCL10, CXCL9, LAMP3, CHI3L1, RGS1, MYB, CCL18, IGKC"
"TCGA.60.2696.01A.01R.0849.01",28,"CXCL10, TRIB2, IL1B, CD38, C1orf54, NPL, NCF2, CCL20, CXCL9, CCL22, VNN2, CHI3L1, EBI3, VNN1, SAMSN1, CCR7, ADAMDEC1, IL1A, IL4R, CXCL13, CXCL11, APOBEC3G, LAMP3, RGS1, HLA-DQA1, MMP12, CCL18, IGKC"
"TCGA.60.2698.01A.01R.0849.01",26,"P2RY2, IL1A, MAGEA11, AIF1, CCL13, EBI3, MNDA, MARCO, IGSF6, PRG2, SLC15A3, CCL20, CCL22, APOBEC3G, HLA-DQA1, CCR7, CD4, NCF2, AIM2, IFI44L, RGS1, MMP9, MMP12, IGKC, LAMP3, CCL18"
"TCGA.60.2706.01A.01R.0849.01",50,"CA8, MAP9, SLAMF1, TRAF4, SPAG4, SLAMF8, MYB, HHEX, WNT5B, MMP12, TREM1, CLEC7A, C3AR1, SLC12A8, HPSE, CD38, CD79A, GSTT1, MARCO, IGHD, CD40, CXCL10, APOBEC3G, LAMP3, IGSF6, MNDA, TNFAIP6, CHI3L1, FCGR2B, SAMSN1, CCL19, MS4A6A, HOXA1, CCL4, CCR7, EBI3, CPA3, MMP9, GPC4, ADAMDEC1, C1orf54, TRPM4, RNASE6, CCL20, CXCL13, RGS1, CCL18, CXCL9, HLA-DQA1, IGKC"
"TCGA.60.2707.01A.01R.0849.01",38,"VNN2, FPR1, HOXA1, GPC4, C1orf54, PIK3IP1, NPL, TRAF4, HDC, NCF2, SPAG4, FCGR2B, EGR2, FCGR3B, HIST1H2AE, SLC12A8, HIST1H2BG, GSTT1, P2RY2, TRIB2, RGS1, PRG2, BCL2A1, TNFAIP6, CCL4, APOBEC3G, APOBEC3A, TREM1, IL1A, CHI3L1, LAMP3, IL4R, HLA-DQA1, CCL18, S100A12, IGKC, CCL20, MMP12"
"TCGA.60.2708.01A.01R.0849.01",56,"HOXA1, GAL3ST4, GPC4, MANEA, P2RY2, LEF1, BCL11B, NCF2, FZD2, MAP9, HDC, IL12RB2, PPFIBP1, GSTT1, COL8A2, CD1B, SPAG4, FCGR2B, EAF2, CCL5, MS4A6A, HRH1, MAN1A1, MICAL3, BFSP1, SEPT8, PTPRG, SLC12A8, CLEC7A, NPL, PDK1, MAGEA11, LAMP3, PRG2, C1orf54, CHST7, HCK, IGKC, TRIB2, RGS1, CXCL5, CCL20, APOBEC3G, CCND2, PPBP, HPSE, STXBP6, HLA-DQA1, TREM1, IL7R, IL1A, MMP9, TNFAIP6, CCL18, MMP12, CXCL13"
"TCGA.60.2710.01A.01R.0849.01",23,"CD38, IGHM, CCL20, CCR7, EBI3, GSTT1, NCF2, TRIB2, RNASE6, SLC12A8, CXCL10, APOBEC3G, CHI3L1, CHST7, CXCL13, RGS1, CCL18, CPA3, CXCL9, HLA-DQA1, MMP12, LAMP3, IGKC"
"TCGA.60.2711.01A.01R.0849.01",40,"CXorf57, SAMSN1, SLC12A8, IGHD, FZD3, HIST1H2BG, IGSF6, MS4A6A, BRAF, PTPRG, HIST1H2AE, BACH2, REPS2, GSTT1, TRAF4, APOL6, WNT5B, SKAP1, PIK3IP1, TRIB2, CHI3L1, RGS1, CCND2, CXCL13, NPL, GZMA, APOBEC3G, MAGEA11, HLA-DQA1, CHST7, CXCL9, GPC4, MYB, CPA3, STXBP6, HPSE, CCL18, MMP12, LAMP3, IGKC"
"TCGA.60.2712.01A.01R.0849.01",27,"MS4A6A, CXCL10, AIM2, CD40, FCGR2B, ACP5, NCF2, GZMK, CD70, IL1B, CCR7, APOBEC3G, CD38, EBI3, HCK, CCL20, ADAMDEC1, CCL18, IGHM, CHI3L1, MYB, CXCL9, RGS1, LAMP3, CXCL13, MMP12, IGKC"
"TCGA.60.2713.01A.01R.0849.01",42,"STXBP6, CD38, GZMK, BCL2A1, ADAMDEC1, SAMSN1, MS4A6A, IGSF6, SLC15A3, CCR7, CCL4, TRIB2, SLC12A8, CD1A, RNASE6, PRG2, GPC4, EBI3, CD1B, C3AR1, TNFAIP6, CCL19, APOBEC3G, CXCL13, CHST7, C1orf54, CCND2, ACP5, NCF2, MARCO, CHI3L1, CXCL10, FCGR2B, TREM1, RGS1, MMP9, IL7R, CXCL9, IGKC, HLA-DQA1, CCL18, MMP12"
"TCGA.60.2714.01A.01R.0849.01",38,"HRH1, HLA-DQA1, RYR1, APOL6, RNASE6, C3AR1, SLC12A8, FCGR2B, IGSF6, EBI3, MAN1A1, CYP27B1, C11orf80, C1orf54, APOBEC3G, CD38, CD3D, CCR7, CLIC2, GSTT1, SPAG4, MS4A6A, ADAMDEC1, CXCL10, GNLY, IGHD, CDA, CXCL13, RGS1, CCL20, DPP4, MMP12, CCL18, AIM2, TREM1, CHI3L1, CXCL9, IGKC"
"TCGA.60.2715.01A.01R.0849.01",25,"SLC15A3, CD37, TREM1, CCL13, EBI3, FCGR2B, CD4, CCL19, CCR7, C1orf54, IFI44L, RGS1, CCL22, MARCO, S100A12, IL7R, FOSB, NCF2, CPA3, MMP9, MMP12, HLA-DQA1, CCL18, IGKC, LAMP3"
"TCGA.60.2716.01A.01R.0849.01",33,"SLC12A8, P2RY2, TGM5, APOL6, GAL3ST4, BCL7A, ICA1, C11orf80, TRIB2, ST6GALNAC4, RPL10L, EPN2, MYB, S100A12, DGKA, ZFP36L2, HLA-DQA1, RGS13, FZD3, APOBEC3G, SEPT8, PIK3IP1, IL4R, TRAF4, CLIC2, IGKC, CD86, CRISP3, CCND2, LAMP3, EAF2, GSTT1, QPCT"
"TCGA.60.2719.01A.01R.0849.01",40,"MANEA, EBI3, C3AR1, SEPT8, CD1B, STXBP6, REPS2, SLC12A8, MAGEA11, CXCL13, CD70, MS4A6A, IFI44L, FCGR2B, HOXA1, IGSF6, PDK1, TRIB2, CCL20, APOBEC3G, RGS1, CCR7, GSTT1, HPSE, NCF2, CXCL10, CHST7, CLEC7A, CHI3L1, CCL22, BST1, BCL11B, S100A12, NPL, CXCL9, HLA-DQA1, LAMP3, MMP12, CCL18, IGKC"
"TCGA.60.2720.01A.01R.0849.01",34,"BARX2, ACP5, HLA-DQA1, CD1B, SAMSN1, EBI3, TNFAIP6, NCF2, PRG2, TREM1, CLEC7A, CD38, HRH1, RGS1, IGHM, IL4R, CXCL11, IL1A, CCL4, IL7R, TRIB2, GPC4, CXCL9, LAMP3, IL2RB, AIM2, CHI3L1, CXCL13, APOBEC3G, MMP9, IGKC, CXCL10, CCL20, MMP12"
"TCGA.60.2721.01A.01R.0849.01",25,"CCL20, HIST1H2BG, IGHM, MMP12, MS4A6A, MAGEA11, APOBEC3A, RGS1, CCL4, APOBEC3G, CCR7, CHI3L1, EBI3, CD38, FCGR2B, CCL18, CCL19, NPL, CLEC7A, CPA3, CXCL13, HLA-DQA1, CXCL9, CXCL10, IGKC"
"TCGA.60.2722.01A.01R.0849.01",41,"TRPM4, CD38, C11orf80, HOXA1, BCL7A, ACP5, CREB5, NOD2, BCL11B, BMP2K, SAMSN1, MICAL3, TRAF4, CXCL13, IL4R, SEPT8, CPA3, TNFAIP6, TRIB2, FZD3, CXCL10, HIST1H2AE, CCL20, ADAMDEC1, ZNF165, EGR2, SLC12A8, DSC1, CHI3L1, MARCH3, SCN9A, RGS1, HPSE, HSPA6, LAMP3, S100A12, CXCL9, NPL, CHST7, IGKC, MMP12"
"TCGA.60.2723.01A.01R.0849.01",40,"GNLY, C3AR1, CD38, MARCO, PDK1, IGHD, CCND2, IGSF6, CLEC7A, HSPA6, C1orf54, EBI3, CCR7, CCL19, CHST7, HPSE, TREM1, CCL5, SAMSN1, MS4A6A, IGHM, CXCL10, NPL, GZMB, IL7R, FCGR2B, TRIB2, ADAMDEC1, CXCL13, CCL20, GZMA, TNFAIP6, CHI3L1, CPA3, SLC12A8, RGS1, CXCL9, CCL18, IGKC, MMP12"
"TCGA.60.2724.01A.01R.0849.01",32,"CDH12, IGSF6, GPC4, PDK1, CXCL10, HOXA1, CCL18, CLEC4A, IL4R, CCL5, CCL22, CHST7, CD70, CXCL5, IFI44L, CLEC7A, IL7R, SPAG4, RSAD2, NPL, C1orf54, IL1B, MMP9, TREM1, MMP12, BCL2A1, UGT2B17, LAMP3, TNFAIP6, S100A12, IL1A, CXCL13"
"TCGA.60.2725.01A.01R.1199.01",38,"FOSB, FCGR2B, APOBEC3A, C1orf54, CCL4, CLIC2, MARCO, TRIB2, CCL22, CD38, CD40, MAGEA11, RNASE6, MYB, BIRC3, BCL2A1, TNFAIP6, PRG2, CCL5, EBI3, ADAMDEC1, CCR7, TREM1, MS4A6A, NPL, CCL19, RGS1, CXCL10, APOBEC3G, CLEC7A, CHI3L1, LAMP3, CXCL13, HLA-DQA1, MMP12, CCL18, IGKC, CCL20"
"TCGA.60.2726.01A.01R.0849.01",38,"CHST7, TRAF4, CCL22, GPR171, EBI3, NCF2, ATHL1, MAP9, SEPT8, CLEC7A, FOSB, TNFAIP6, APOL6, FZD2, MAP4K1, NPL, MAGEA11, HOXA1, CCL18, IL4R, TCF7, HLA-DQA1, BIRC3, CCL5, IL7R, RGS1, LRMP, SAMSN1, SLC12A8, AIM2, CHI3L1, IGKC, APOBEC3G, MMP12, CXCL9, CXCL13, LAMP3, CCL20"
"TCGA.66.2727.01A.01R.1031.01",46,"HOXA1, ADAMDEC1, TREM1, CXCL13, CD40, MANEA, SAMSN1, IFI44L, TRAF4, CD38, CYP27A1, CD1B, C3AR1, EAF2, PLA2G7, GPC4, BCL2A1, C1orf54, EBI3, HLA-DQA1, TRIB2, CHST7, CCL22, RNASE6, IL7, AIM2, CCR7, IGSF6, BST1, GZMA, APOBEC3G, FCGR2B, RGS1, CHI3L1, MS4A6A, NPL, CXCL9, CCL20, CPA3, KYNU, CXCL10, SLC12A8, LAMP3, MMP12, CCL18, IGKC"
"TCGA.66.2734.01A.01R.1031.01",55,"VNN2, MNDA, CD1E, FCER1A, HK3, AIM2, SLC15A3, MARCO, APOBEC3A, CD37, P2RY2, HLA-DQA1, EPN2, CD1A, TLR2, HOXA1, FCGR3B, C1orf54, CHST7, RNASE6, SLC12A8, FCN1, CD1B, GPC4, C3AR1, ACP5, S100A12, IL4R, C5AR1, NCF2, CXCL9, CPA3, RGS1, IGSF6, NPL, SAMSN1, GSTT1, APOBEC3G, CHI3L1, IGKC, TREM1, FCGR2B, IL1A, CXCL10, FPR1, MS4A6A, TNFAIP6, IL1B, TRIB2, MMP9, BCL2A1, LAMP3, CCL20, CCL18, MMP12"
"TCGA.66.2737.01A.01R.1031.01",42,"SEPT8, IFI44L, TRIB2, CCR7, PLA2G7, CD1C, COL8A2, MAGEA11, CD1E, GSTT1, FCGR2B, CD38, CCL20, CCL22, C1orf54, SAMSN1, PRG2, CD1A, C3AR1, CCL18, NCF2, IL7R, ACP5, SLC12A8, CD1B, CXCL13, AIM2, APOBEC3G, LAMP3, RNASE6, NPL, CHST7, CPA3, MS4A6A, TNFAIP6, CLC, CXCL10, CXCL9, RGS1, HLA-DQA1, MMP12, IGKC"
"TCGA.66.2742.01A.01R.1031.01",41,"SEPT8, HHEX, C3AR1, HIST1H2BG, MNDA, CHI3L1, SKAP1, TRAF4, PRG2, RNASE6, EBI3, ADAM28, FPR1, CCR7, HOXA1, CCL20, GPC4, IGSF6, IL12RB2, SLC12A8, TLR2, TRIB2, FCGR3B, TNFAIP6, EAF2, CXCL13, CHST7, SPAG4, CXCL9, TREM1, MS4A6A, IL4R, APOBEC3G, BCL2A1, CPA3, RGS1, NPL, MMP12, LAMP3, CCL18, IGKC"
"TCGA.66.2744.01A.01R.1031.01",34,"SLC15A3, ADAMDEC1, C3AR1, CD3D, CCL19, MARCO, MMP9, IGHD, C1orf54, EBI3, CCR7, SAMSN1, FCGR2B, IL1A, NCF2, CCL20, APOBEC3G, IFI44L, MS4A6A, GNLY, GPC4, GZMA, RNASE6, AIM2, RGS1, CXCL11, CXCL9, CXCL13, HLA-DQA1, LAMP3, CXCL10, CCL18, IGKC, MMP12"
"TCGA.66.2753.01A.01R.1031.01",41,"VNN2, CCL5, PRG2, IL1B, BCL2A1, ZFP36L2, ACP5, C1orf54, CD38, CXCL10, C3AR1, NCF2, NPL, IGHM, SLC12A8, SAMSN1, CCR7, APOBEC3G, EBI3, HOXA1, TREM1, CCL19, RGS1, PDK1, IL7R, MS4A6A, RNASE6, CHI3L1, SPAG4, IL4R, FCGR2B, TRIB2, GPC4, CCL18, CCL20, CXCL13, HLA-DQA1, CPA3, LAMP3, MMP12, IGKC"
"TCGA.66.2754.01A.01R.1031.01",41,"STXBP6, HLA-DQA1, C3AR1, TRPM6, ATHL1, RPL10L, CD1A, NCF2, ST6GALNAC4, BCL7A, CYP27A1, TRIB2, NPL, CA8, CD1B, MAN1A1, EAF2, LAMP3, ZNF165, RNASE6, SLC12A8, CXCL9, CHST7, C1orf54, ADAMDEC1, DUSP2, GSTT1, TRAF4, MS4A6A, PDK1, MARCH3, CXCL10, HSPA6, ICA1, MYB, RGS1, MEP1A, QPCT, CCL18, IGKC, MMP12"
"TCGA.66.2755.01A.01R.0849.01",48,"CD1A, IL7R, C3AR1, CLEC7A, CXCL11, SIGLEC1, LAMP3, APOL3, TREM1, RSAD2, IRF8, ACP5, SLC15A3, PRG2, CPA3, KYNU, CD40, FCGR2B, CD1B, IGSF6, IL1B, NCF2, EBI3, CD38, SPIB, NPL, APOBEC3G, CLEC4A, SPOCK2, MARCO, TNFAIP6, ADAMDEC1, CCL22, RGS1, CCR7, CXCL3, CD70, CCL5, IGKC, CCL20, MYB, CXCL5, HLA-DQA1, MMP9, BCL2A1, CCL18, MMP12, CXCL13"
"TCGA.66.2756.01A.01R.0849.01",56,"C3AR1, CD27, EBI3, HPSE, IFI44L, CCR7, BCL2A1, SAMSN1, PLEKHF1, RPL10L, ZNF222, CA8, PLA2G7, ICA1, MAP9, BRAF, PTGER2, NPL, GPR19, ATHL1, SLC12A8, NCF2, CD38, FCGR2B, C1orf54, ST6GALNAC4, CHI3L1, CCR10, CCL20, CXCL9, SPAG4, LAMP3, CHST7, DUSP2, DACH1, MS4A6A, CXCL13, GSTT1, TNFAIP6, IGHD, RNASE6, CLIC2, CRISP3, MMP9, RGS1, TRAF4, ADAMDEC1, CCL18, SKAP1, CXCL10, QPCT, HLA-DQA1, IL2RB, MMP12, TREM1, IGKC"
"TCGA.66.2757.01A.01R.0849.01",38,"IGSF6, RNASE6, ST3GAL6, CCL5, QPCT, LAMP3, APOL3, FCGR2B, CLEC4A, LCK, APOBEC3G, ATP8B4, TRAF4, HCK, CD1A, CCL20, CYP27A1, CD1B, NCF2, CD40, CD38, IFI44L, CD70, CCR7, GPC4, MS4A6A, EBI3, CXCL11, CCL19, RGS1, CXCL9, CXCL13, CCL18, HLA-DQA1, MMP12, CXCL10, MYB, IGKC"
"TCGA.66.2758.01A.02R.0849.01",38,"HSPA6, KLRB1, SLC12A8, AIM2, TRIB2, FCGR2B, STXBP6, CD1E, BCL2A1, CD1C, CCL19, CD40, IGSF6, TRAF4, HLA-DQA1, NCF2, EBI3, CCR7, CD1A, HCK, HHEX, CD1B, SAMSN1, GZMA, LAMP3, MS4A6A, CHST7, NPL, GZMB, CXCL10, ADAMDEC1, APOBEC3G, RGS1, CXCL13, CCL18, CXCL9, IGKC, MMP12"
"TCGA.66.2759.01A.01R.0849.01",30,"IL4R, EAF2, MAGEA11, CCL22, C1orf54, ACP5, TREM1, CD38, APOBEC3G, FCGR2B, PDK1, ADAMDEC1, NCF2, IGHD, RGS1, NPL, IL1B, CCL18, LAMP3, IL1A, P2RY2, CXCL13, CHI3L1, SLC12A8, HLA-DQA1, CXCL10, CXCL9, S100A12, IGKC, MMP12"
"TCGA.66.2763.01A.01R.0849.01",44,"GSTT1, MS4A6A, HDC, ZFP36L2, SEPT8, RNASE6, SLC12A8, IL4R, RYR1, S100A12, STXBP6, FCGR2B, TMEM156, NCF2, UGT2B17, CD38, BCL2A1, HOXA1, GZMA, VNN1, TRIB2, C1orf54, CXCL13, APOBEC3A, PRG2, CLEC7A, MAGEA11, HTR2B, RGS1, BCL11B, CXCL9, RSAD2, APOL6, CPA3, CHI3L1, NPL, CXCL10, CCL20, LAMP3, CCL18, IFI44L, HLA-DQA1, MMP12, IGKC"
"TCGA.66.2765.01A.01R.0849.01",37,"CD40, HDC, IGHD, IGSF6, RNASE6, S100A12, CD38, TREM1, IL12RB2, EBI3, FCGR2B, CCL19, TRIB2, CCR7, CCL22, IL1B, LAMP3, IL4R, CCL4, PRG2, CD1B, FCER1A, RGS1, APOBEC3G, MS4A6A, CXCL13, CXCL11, CHI3L1, AIM2, IL1A, CCL20, CCL18, CXCL9, MMP12, CXCL10, HLA-DQA1, IGKC"
"TCGA.66.2766.01A.01R.0849.01",37,"ADAMDEC1, SEPT8, RYR1, NCF2, CD1A, BST1, TREM2, IL4R, GPC4, CD1B, CXCL13, CHI3L1, MANEA, HHEX, TREM1, SKAP1, CXCL9, SLC12A8, FCGR2B, C1orf54, GSTT1, HCK, APOBEC3G, MS4A6A, PDK1, CCL18, RGS1, LAMP3, CHST7, SPAG4, CXCL10, MAGEA11, CLEC7A, HLA-DQA1, NPL, IGKC, MMP12"
"TCGA.66.2767.01A.01R.0849.01",28,"MS4A6A, SLC15A3, ADAMDEC1, C1orf54, PLA2G7, CD38, CD4, AIM2, CCR7, HLA-DQA1, IGHD, IFI44L, EBI3, IGSF6, RNASE6, NCF2, CHI3L1, CCL20, APOBEC3G, RGS1, CXCL10, CPA3, CXCL13, CXCL9, LAMP3, MMP12, CCL18, IGKC"
"TCGA.66.2768.01A.01R.0849.01",42,"GSTT1, EMR1, STXBP6, MS4A6A, FCGR3B, SEPT8, NCF2, RGS1, APOL6, PLEKHF1, CD69, RNASE6, TLR2, CLEC4A, IGSF6, CCR7, PRG2, CXCL13, CCL4, CXCL9, MAGEA11, HLA-DQA1, BCL2A1, CCL22, FCGR2B, IL4R, P2RY2, RSAD2, CXCL11, APOBEC3G, APOBEC3A, TREM1, IFI44L, LAMP3, CXCL5, IL1A, AIM2, PPBP, CCL18, CCL20, CXCL10, MMP12"
"TCGA.66.2769.01A.02R.0849.01",37,"UGT2B17, NPL, FCGR2B, SAMSN1, PPBP, PRG2, C1orf54, CD38, TREM1, CCL5, CCR7, GPC4, NCF2, CCL4, EBI3, RNASE6, CPA3, CD1A, CXCL5, CHI3L1, CCL20, MS4A6A, IL1B, FCER1A, TNFAIP6, LAMP3, LTB, CLEC7A, CXCL13, RGS1, MMP9, MMP12, CXCL10, APOBEC3G, CCL18, IGKC, CCL19"
"TCGA.66.2770.01A.01R.0849.01",26,"CREB5, C1orf54, EBI3, CD38, CCR7, BCL11B, HLA-DQA1, MS4A6A, IGHD, CHI3L1, NPL, GSTT1, ACP5, LAMP3, CXCL13, NCF2, AIM2, TRIB2, APOBEC3G, SLC12A8, RGS1, CXCL10, CCL18, CXCL9, MMP12, IGKC"
"TCGA.66.2771.01A.01R.1031.01",36,"TNFRSF17, EBI3, TNFAIP6, RGS1, SAMSN1, CCR7, NPL, C5AR1, SLC15A3, C1orf54, GZMA, CD38, APOBEC3G, CD4, FPR1, IGHD, IGSF6, BCL2A1, RNASE6, FCGR2B, CD3D, CXCL10, IGHM, CXCL9, NCF2, MS4A6A, LAMP3, CCL20, MMP9, MMP12, CXCL13, S100A12, HLA-DQA1, IGKC, CCL18, VNN1"
"TCGA.66.2773.01A.01R.1199.01",55,"FZD2, ADAM28, IL1A, CLIC2, LRMP, HOXA1, CD1E, CD1C, ACP5, BCL2A1, APOL6, CHST7, TRAF4, NPL, CD2, S100A12, CYP27A1, TLR2, GSTT1, FCGR3B, FCGR2B, C3AR1, CPA3, CCR7, EBI3, HCK, IL7, CD38, LAMP3, CD1A, IGHD, CXCL13, IL4R, ADAMDEC1, CD1B, SAMSN1, RNASE6, CLEC7A, CHI3L1, IGSF6, SLC12A8, AIM2, APOBEC3G, CXCL10, RGS1, KYNU, TRIB2, MS4A6A, CCL20, CCL18, HLA-DQA1, CXCL9, IGKC, MMP12, SELL"
"TCGA.66.2777.01A.01R.1199.01",37,"CCL13, GPC4, TNFAIP6, C5AR1, AIF1, APOBEC3A, PLA2G7, CD1B, HCK, CD4, HIST1H2AE, SLC12A8, SLC15A3, PRG2, ACP5, MARCO, HHEX, TRIB2, MS4A6A, FCGR2B, RNASE6, NPL, ADAMDEC1, CHST7, MMP9, CCL4, TREM1, NCF2, RGS1, CCL20, CPA3, CHI3L1, HLA-DQA1, LAMP3, IGKC, CCL18, MMP12"
"TCGA.66.2778.01A.02R.0849.01",38,"EGR2, PRG2, SLC12A8, PDK1, IL1A, HPSE, CXCL3, SPAG4, EAF2, AQP9, TRAF4, SKAP1, CD1C, FPR1, CXCL13, CD1E, CHI3L1, SAMSN1, NPL, APOBEC3G, TNFAIP6, S100A12, FCGR2B, NCF2, APOBEC3A, MS4A6A, CD1A, CD1B, TREM1, CPA3, LAMP3, RGS1, CCL20, HLA-DQA1, BCL2A1, CCL18, IGKC, MMP12"
"TCGA.66.2780.01A.01R.0849.01",44,"CCR7, TLR2, IL12RB2, RGS1, C3AR1, SPAG4, CCL18, ACP5, CXCL13, HOXA1, SAMSN1, APOBEC3A, IGHM, PIK3IP1, CCL4, CD38, PLA2G7, SLC12A8, BCL2A1, FCGR2B, APOL6, IGHD, PRG2, C1orf54, LAMP3, TRIB2, CXCL9, GPC4, NCF2, TREM1, IL1A, CCL20, IFI44L, IL4R, APOBEC3G, CPA3, TNFAIP6, HLA-DQA1, IL1B, AIM2, CHI3L1, CXCL10, MMP12, IGKC"
"TCGA.66.2781.01A.01R.0849.01",39,"C1orf54, MANEA, PIK3IP1, GPC4, FCGR3B, CCND2, CXCL10, EAF2, TRAF4, IL4R, KYNU, RNASE6, HPSE, NPL, FPR1, SLC12A8, CHST7, FCGR2B, S100A12, CD38, UGT2B17, CCL18, SAMSN1, CHI3L1, MAGEA11, TREM1, SPAG4, RGS1, IGHM, BCL2A1, HLA-DQA1, APOBEC3G, GSTT1, TNFAIP6, LAMP3, CPA3, CXCL13, MMP12, IGKC"
"TCGA.66.2782.01A.01R.0849.01",38,"APOBEC3G, SAMSN1, HOXA1, TNFAIP6, CD40, RSAD2, TLR2, FCGR2B, NPL, IGHD, KYNU, SLC12A8, C3AR1, AIM2, C1orf54, MNDA, CD38, EBI3, CCR7, IGSF6, GZMA, BCL2A1, CXCL13, CPA3, RNASE6, CHI3L1, MS4A6A, TRIB2, IFI44L, IL4R, ADAMDEC1, FCGR3B, RGS1, HLA-DQA1, CCL18, MMP12, CXCL10, IGKC"
"TCGA.66.2783.01A.01R.1199.01",39,"GSTT1, TREM1, C1orf54, RYR1, SEPT8, APOL6, CCR7, PRG2, EBI3, FCGR2B, SCN9A, S100A12, HIST1H2AE, CD38, CCL19, CLIC2, RNASE6, IGHM, MS4A6A, NPL, HPSE, TRIB2, IL1A, AIM2, LAMP3, RGS1, CHI3L1, IGHD, CXCL13, CCL18, CPA3, IL1B, CLEC7A, CHST7, APOBEC3G, CCL20, SLC12A8, MMP12, IGKC"
"TCGA.66.2785.01A.01R.0849.01",37,"CD40, TRIB2, HSPA6, PRG2, PLEKHF1, CHI3L2, IGHD, APOL6, STXBP6, CD3D, SPAG4, CCL19, CHI3L1, S100A12, GPC4, STEAP4, TREM1, EBI3, CCR7, FCGR2B, KYNU, MS4A6A, IFI44L, BIRC3, ADAMDEC1, GZMA, APOBEC3G, CCL18, RGS1, CCL5, CLEC7A, CXCL10, CXCL13, CXCL9, MMP12, HLA-DQA1, IGKC"
"TCGA.66.2786.01A.01R.0849.01",35,"CD40, LRMP, TREM1, NPL, PRG2, GPC4, PLA2G7, HSPA6, ADAMDEC1, C3AR1, CCL22, CCL20, IGSF6, FCGR2B, CD38, EBI3, CXCL10, HOXA1, CCR7, CCL19, CHI3L1, IFI44L, RNASE6, CXCL13, CPA3, TRIB2, MS4A6A, APOBEC3G, RGS1, IGHD, MMP12, HLA-DQA1, LAMP3, CCL18, IGKC"
"TCGA.66.2787.01A.01R.1031.01",39,"BACH2, SAMSN1, LAMP3, FZD2, SLAMF8, TNFAIP6, DACH1, CCL19, CD2, HHEX, TRIB2, C3AR1, EGR2, CD38, C1orf54, IGHD, EBI3, CCR7, RNASE6, CXCL10, IGSF6, GZMK, AIM2, APOBEC3G, CPA3, RGS1, CHI3L1, NPL, HLA-DQA1, MS4A6A, SLC12A8, CHST7, HCK, ADAMDEC1, CXCL13, MMP12, CCL18, CXCL9, IGKC"
"TCGA.66.2788.01A.01R.1031.01",58,"GSTT1, CD38, FZD3, COL8A2, NPL, GZMA, PNOC, TLR2, HPSE, SEPT8, CD3D, IGHD, APOBEC3A, GPC4, PDK1, APOL6, CDA, RSAD2, CLEC7A, SPAG4, MNDA, GZMK, EBI3, SLC12A8, C3AR1, CCR7, TNFRSF17, RNASE6, MAGEA11, TREM1, SAMSN1, IGSF6, CHI3L1, C1orf54, IL7R, IFI44L, FCGR2B, CXCL11, TRIB2, RGS1, IL1B, IL4R, S100A12, IL1A, CXCL13, MS4A6A, TNFAIP6, LAMP3, CPA3, BCL2A1, APOBEC3G, CCL20, CXCL9, CCL18, CXCL10, HLA-DQA1, MMP12, IGKC"
"TCGA.66.2789.01A.01R.1031.01",40,"SAMSN1, LRMP, CCL4, PDK1, HPSE, SPAG4, IL4R, PTPRG, CCR7, EAF2, C3AR1, CYP27A1, GZMA, NCF2, FZD2, TREM1, CD38, IGHM, SLC12A8, CCL20, RNASE6, IGHD, MS4A6A, CLIC2, TNFAIP6, CCND2, GSTT1, APOBEC3G, TRIB2, FCGR2B, CHI3L1, C1orf54, GPC4, CXCL10, CPA3, LAMP3, CXCL13, CCL18, IGKC, MMP12"
"TCGA.66.2790.01A.01R.1031.01",26,"CDH12, QPCT, MAP9, FZD2, IFI44L, RSAD2, PRG2, CLEC7A, CPA3, CD38, MAGEA11, TREM1, EBI3, CXCL11, CCR7, RGS1, AIM2, APOBEC3G, CXCL13, TRIB2, CXCL9, LAMP3, CCL20, MMP12, CXCL10, IGKC"
"TCGA.66.2791.01A.01R.1031.01",31,"S100A12, APOL3, CHST7, APOBEC3G, RNASE6, C1orf54, SAMSN1, ADAMDEC1, CCL18, CD40, SLC12A8, CHI3L1, IGHD, GZMA, CCL20, IGSF6, CD38, CCR7, EBI3, RGS1, MS4A6A, LAMP3, CXCL10, AIM2, NPL, CXCL13, CPA3, CXCL9, HLA-DQA1, MMP12, IGKC"
"TCGA.66.2792.01A.01R.1031.01",65,"PPFIBP1, FZD3, PIK3IP1, HHEX, IGSF6, REPS2, APOL6, EAF2, SCN9A, HOXA1, LEF1, GPR19, BCL7A, C3AR1, ST3GAL6, MARCH3, MAP9, BRAF, NCF2, GAL3ST4, FZD2, EBI3, BCL2A1, CLIC2, TREM1, CCR7, TRAF4, MICAL3, CXCL13, SAMSN1, IL1B, EPN2, SEPT8, C11orf80, RNASE6, HCK, C1orf54, SLC12A8, RGS1, TLR2, BCL11B, MAGEA11, MS4A6A, GSTT1, HPSE, TNFAIP6, PTPRG, CPA3, IGHM, TRIB2, CHST7, PDK1, HLA-DQA1, APOBEC3G, CXCL10, STXBP6, NPL, CXCL9, IL7R, GPC4, CCL18, CCND2, IGKC, LAMP3, MMP12"
"TCGA.66.2793.01A.01R.1199.01",38,"CXCL9, GFI1, MAP9, REPS2, QPCT, SEPT8, ZFP36L2, MANEA, EPN2, TRAF4, KCNA3, SOCS1, ZNF324, DUSP2, CD40, HSPA6, CCL20, ZNF135, WNT5B, TRIB2, EAF2, RYR1, FZD2, RGS1, SLC12A8, APOBEC3G, SELL, C1orf54, BRAF, BCL7A, EGR2, CCL18, IL4R, FOSB, IGKC, LAMP3, MMP12, CCND2"
"TCGA.66.2794.01A.01R.1199.01",34,"CLIC2, CHI3L1, HPSE, FCGR2B, PLA2G7, MYB, CCR7, EBI3, GNLY, RGS1, IFI44L, CD2, NPL, CHST7, CD3D, IGSF6, APOL6, MS4A6A, RNASE6, CCND2, ADAMDEC1, AIM2, CCL18, GZMA, APOBEC3G, CCL5, CXCL13, CCL20, HLA-DQA1, MMP12, CXCL10, IGKC, CXCL9, LAMP3"
"TCGA.66.2795.01A.02R.1031.01",40,"LAMP3, CD38, BCL2A1, GSTT1, C3AR1, EBI3, LY86, CCR7, ACP5, CD1E, TMEM156, HHEX, CD1C, ADAMDEC1, RNASE6, PRG2, CHST7, IGSF6, C1orf54, TRIB2, TREM1, NCF2, NPL, CCL20, CD1A, APOBEC3G, KYNU, CD1B, TNFAIP6, FCGR2B, SLC12A8, CXCL13, MS4A6A, CXCL10, RGS1, CCL18, CXCL9, HLA-DQA1, MMP12, IGKC"
"TCGA.66.2800.01A.01R.1199.01",38,"RNASE6, SLC12A8, CLEC10A, HHEX, SCN9A, HIST1H2AE, STXBP6, C1orf54, SAMSN1, CD4, PRG2, SLC15A3, MAGEA11, GPC4, CD1A, MARCO, CD1B, BCL2A1, NPL, CCL20, CXCL13, CHI3L1, MS4A6A, GSTT1, NCF2, TREM1, TRIB2, FCGR2B, IL7R, CPA3, MMP9, CHST7, RGS1, HLA-DQA1, LAMP3, IGKC, MMP12, CCL18"
